{
  "אבו קורינאת (יישוב), ישראל": [
    null,
    null
  ],
  "אבו קורינאת, ישראל": [
    31.1020379,
    34.9529995
  ],
  "אביגיל, ישראל": [
    null,
    null
  ],
  "אבני איתן, ישראל": [
    32.8246384,
    35.7667337
  ],
  "אבנת, ישראל": [
    null,
    null
  ],
  "אדוריים, ישראל": [
    null,
    null
  ],
  "אודם, ישראל": [
    33.1943741,
    35.7483145
  ],
  "אל -רום, ישראל": [
    33.1796457,
    35.7721224
  ],
  "אל סייד, ישראל": [
    31.2832614,
    34.9130197
  ],
  "אלוני הבשן, ישראל": [
    33.0441337,
    35.83924
  ],
  "אניעם, ישראל": [
    32.9568708,
    35.7397621
  ],
  "אספר, ישראל": [
    null,
    null
  ],
  "ארגמן, ישראל": [
    null,
    null
  ],
  "אשכולות, ישראל": [
    null,
    null
  ],
  "ביר הדאג', ישראל": [
    31.0262625,
    34.7031024
  ],
  "ביריי ה, ישראל": [
    null,
    null
  ],
  "בירייה, ישראל": [
    null,
    null
  ],
  "בית ג'ן, ישראל": [
    32.9653591,
    35.3764034
  ],
  "בית הערבה, ישראל": [
    null,
    null
  ],
  "בית חוגלה, ישראל": [
    null,
    null
  ],
  "ג'ולס, ישראל": [
    null,
    null
  ],
  "ג'ש (גוש חלב), ישראל": [
    null,
    null
  ],
  "ג'ש, ישראל": [
    33.0239309,
    35.4450316
  ],
  "גבעת יואב, ישראל": [
    32.7967624,
    35.681303
  ],
  "גשור, ישראל": [
    32.8191803,
    35.716008
  ],
  "דגניה א', ישראל": [
    32.7084791,
    35.5748582
  ],
  "דגניה ב', ישראל": [
    32.6999198,
    35.5747095
  ],
  "דוב\"ב, ישראל": [
    33.0524574,
    35.4074874
  ],
  "דייר אל-אסד, ישראל": [
    null,
    null
  ],
  "דייר חנ א, ישראל": [
    null,
    null
  ],
  "דייר חנא, ישראל": [
    null,
    null
  ],
  "הילה, ישראל": [
    33.0358267,
    35.2443398
  ],
  "חג י, ישראל": [
    null,
    null
  ],
  "חגי, ישראל": [
    null,
    null
  ],
  "חד-נס, ישראל": [
    32.928396,
    35.6429709
  ],
  "חלוץ, ישראל": [
    32.950674,
    35.3121922
  ],
  "חמדת, ישראל": [
    32.9488949,
    35.4245296
  ],
  "חספין, ישראל": [
    null,
    null
  ],
  "טובא-זנגרייה, ישראל": [
    32.9663767,
    35.5938241
  ],
  "טנא, ישראל": [
    null,
    null
  ],
  "כחלה, ישראל": [
    null,
    null
  ],
  "כנף, ישראל": [
    32.8700272,
    35.6982707
  ],
  "כסיפה, ישראל": [
    31.2452491,
    35.0951505
  ],
  "כפר חרו ב, ישראל": [
    null,
    null
  ],
  "כפר חרוב, ישראל": [
    32.7625813,
    35.6628467
  ],
  "כפר ראש הנקרה, ישראל": [
    null,
    null
  ],
  "כרמייה, ישראל": [
    null,
    null
  ],
  "כרמל, ישראל": [
    null,
    null
  ],
  "לבנים, ישראל": [
    32.0771293,
    34.8226476
  ],
  "לוחמי הגיטאו ת, ישראל": [
    null,
    null
  ],
  "לוחמי הגיטאות, ישראל": [
    null,
    null
  ],
  "מבוא חמה, ישראל": [
    32.7363463,
    35.6556132
  ],
  "מג'ד אל-כרום, ישראל": [
    32.9220089,
    35.256722
  ],
  "מג'דל שמס, ישראל": [
    33.2677595,
    35.7690612
  ],
  "מגאר, ישראל": [
    32.8858202,
    35.4062022
  ],
  "מדרשת בן גוריון, ישראל": [
    30.8515927,
    34.7825759
  ],
  "מולדה, ישראל": [
    31.2582313,
    34.9824198
  ],
  "מחולה, ישראל": [
    null,
    null
  ],
  "מחנה טלי, ישראל": [
    null,
    null
  ],
  "מחנה יוכבד, ישראל": [
    null,
    null
  ],
  "מחנה יפה, ישראל": [
    null,
    null
  ],
  "מיצר, ישראל": [
    32.7686851,
    35.7369807
  ],
  "מלכייה, ישראל": [
    null,
    null
  ],
  "מעון, ישראל": [
    null,
    null
  ],
  "מעלה גמלא, ישראל": [
    32.8899257,
    35.684851
  ],
  "מצדות יהוד ה, ישראל": [
    null,
    null
  ],
  "מצדות יהודה, ישראל": [
    null,
    null
  ],
  "מצפה שלם, ישראל": [
    null,
    null
  ],
  "מרגליות, ישראל": [
    33.2148047,
    35.5444859
  ],
  "מרום גולן, ישראל": [
    33.1321192,
    35.7773161
  ],
  "משכיות, ישראל": [
    30.6272162,
    34.7759251
  ],
  "נאות גולן, ישראל": [
    32.7867059,
    35.6929699
  ],
  "נגוהות, ישראל": [
    null,
    null
  ],
  "נהרייה, ישראל": [
    33.0148724,
    35.1016842
  ],
  "נוב, ישראל": [
    32.832269,
    35.7831891
  ],
  "נווה אטי\"ב, ישראל": [
    33.2619578,
    35.7407856
  ],
  "נטור, ישראל": [
    32.8538055,
    35.7514617
  ],
  "נמרוד, ישראל": [
    33.2452094,
    35.7510271
  ],
  "נעמ\"ה, ישראל": [
    null,
    null
  ],
  "סאג'ור, ישראל": [
    32.9420108,
    35.3447234
  ],
  "סוסיה, ישראל": [
    null,
    null
  ],
  "סלמה, ישראל": [
    32.8936503,
    35.3699046
  ],
  "ע'ג'ר, ישראל": [
    null,
    null
  ],
  "עין זיוון, ישראל": [
    33.0962822,
    35.7961971
  ],
  "עצמון שגב, ישראל": [
    32.8659821,
    35.2512054
  ],
  "עראמשה, ישראל": [
    33.0886072,
    35.2299769
  ],
  "ערב אל נעים, ישראל": [
    null,
    null
  ],
  "ערערה-בנגב, ישראל": [
    31.1551446,
    35.0226451
  ],
  "עתניאל, ישראל": [
    null,
    null
  ],
  "פורייה - כפר עבוד ה, ישראל": [
    null,
    null
  ],
  "פורייה - כפר עבודה, ישראל": [
    null,
    null
  ],
  "פורייה - נווה עוב ד, ישראל": [
    null,
    null
  ],
  "פורייה - נווה עובד, ישראל": [
    null,
    null
  ],
  "פורייה עילי ת, ישראל": [
    null,
    null
  ],
  "פורייה עילית, ישראל": [
    null,
    null
  ],
  "פני חב ר, ישראל": [
    null,
    null
  ],
  "פני חבר, ישראל": [
    null,
    null
  ],
  "פעמי תש\"ז, ישראל": [
    31.4381567,
    34.6930068
  ],
  "פצאל, ישראל": [
    null,
    null
  ],
  "פקיעין חדשה, ישראל": [
    null,
    null
  ],
  "צביה, ישראל": [
    32.8894552,
    35.3306239
  ],
  "קדם ערבה, ישראל": [
    null,
    null
  ],
  "קדמת צבי, ישראל": [
    33.0297367,
    35.6970294
  ],
  "קליה, ישראל": [
    null,
    null
  ],
  "קלע, ישראל": [
    33.131592,
    35.6837517
  ],
  "קצר א-סר, ישראל": [
    null,
    null
  ],
  "קצרין, ישראל": [
    32.9903515,
    35.6865282
  ],
  "קריית ארבע, ישראל": [
    null,
    null
  ],
  "קשת, ישראל": [
    32.980733,
    35.8085857
  ],
  "רוע י, ישראל": [
    null,
    null
  ],
  "רועי, ישראל": [
    null,
    null
  ],
  "רותם, ישראל": [
    null,
    null
  ],
  "ריחאנייה, ישראל": [
    33.0482032,
    35.4872846
  ],
  "רמת טראמפ, ישראל": [
    33.1326099,
    35.6906265
  ],
  "שגב-שלום, ישראל": [
    31.194398,
    34.8405813
  ],
  "שדמות מחולה, ישראל": [
    null,
    null
  ],
  "שומרייה, ישראל": [
    null,
    null
  ],
  "שייח' דנון, ישראל": [
    32.9943175,
    35.1479211
  ],
  "שמעה, ישראל": [
    null,
    null
  ],
  "שני (ליבנה), ישראל": [
    31.3562772,
    35.0692807
  ],
  "תאשור, ישראל": [
    31.3718709,
    34.6437068
  ],
  "תושייה, ישראל": [
    31.4332368,
    34.5411813
  ],
  "תלם, ישראל": [
    null,
    null
  ]
}